<?xml version="1.0"?>
<doc>
    <assembly>
        <name>SupportFiles</name>
    </assembly>
    <members>
        <member name="M:SupportFiles.Document.WriteToFile(System.String,System.String[])">
            <summary>
            Rewrites the entire file with the argument newFileContent
            </summary>
        </member>
        <member name="M:SupportFiles.Document.AppendToFile(System.String,System.String)">
            <summary>
            Appends the string to the end of the file
            </summary>
        </member>
        <member name="M:SupportFiles.Document.WriteToLogFile(System.String,System.String)">
            <summary>
            Concats the log message with a time stamp and writes to a file
            </summary>
        </member>
        <member name="M:SupportFiles.Parse.ParseDoubleWithOptions(System.String)">
            <summary>
            Parse string to double. With 'AllowDecimalPoint' and 'InvariantCulture'
            </summary>
        </member>
        <member name="M:SupportFiles.Text.RemoveDiacritics(System.String)">
            <summary>
            Replace accented letters with 'normal' ones
            </summary>
        </member>
    </members>
</doc>
